"profitPercentOfInvestment","MLS.Number","houseRatioNewBuild","houseSizeSqFt","list.Price.Num","houseDollarPerSFNewBuild","totalCostToBuild","predictedSalePrice","potentialProfit","lotSqFt","Age","DOM","Street.Address","Area..","Zip.Code","Postal.City","County","areaRatioCount","zipRatioCount","cityRatioCount","countyRatioCount","areaPriceCount","zipPriceCount","cityPriceCount","countyPriceCount"
"1.0526399","ML81631441"," 0.2635572"," 4800.000","  519000"," 900.7889"," 1959000"," 4323787","2062121.6","  88426","76","128","17320 Stevens Canyon Road","17","95014","Cupertino","Santa Clara"," 944","801","  801","29134","260","202"," 202","7981"
"0.8251741","ML81642591"," 0.1110160"," 6189.917"," 2399000","1349.3841"," 4255975"," 8352576","3511920.6","  55757","56","6","485 Summit Springs Road","274","94062","Woodside","San Mateo","  76","859","  246","12666"," 19","223","  54","3418"
"0.7235850","ML81640235"," 0.2336646","10549.955"," 4988000","1432.2402"," 8152987","15110070","5899378.8","  45150","44","14","375 Walsh Road","290","94027","Atherton","San Mateo","  35","252","  248","12666","  7"," 61","  58","3418"
"0.4913495","ML81634924"," 0.1139545"," 5509.815"," 2100000","1092.2740"," 3752945"," 6018228","1844007.3","  48351","40","66","14486 Liddicoat Circle","221","94022","Los Altos Hills","Santa Clara"," 292","545","  286","29134"," 88","151","  87","7981"
"0.4756335","ML81633229"," 0.2336646"," 9873.029"," 5950000","1432.2402"," 8911909","14140549","4238802.2","  42253","66","98","349 Fletcher Drive","290","94027","Atherton","San Mateo","  35","252","  248","12666","  7"," 61","  58","3418"
"0.3980812","ML81643031"," 0.2659230","10706.060"," 7858620","1554.4780","11070438","16642335","4406933.7","  40260","8","2","84 Nora Way","291","94027","Atherton","San Mateo"," 102","252","  248","12666"," 25"," 61","  58","3418"
"0.3788035","ML81643416"," 0.1139545"," 5696.800"," 2488000","1092.2740"," 4197040"," 6222466","1589853.7","  63162","63","0","27447 Edgerton Road","221","94022","Los Altos Hills","Santa Clara"," 292","545","  286","29134"," 88","151","  87","7981"
"0.3555078","ML81643024"," 0.3567023"," 4644.264"," 1999000","1064.6179"," 3392279"," 4944367","1205981.8","  13020","67","2","1 Holbrook Lane","292","94027","Atherton","San Mateo","  65","252","  248","12666"," 14"," 61","  58","3418"
"0.3516865","ML81636361"," 0.3567023"," 5313.437"," 2298000","1064.6179"," 3892031"," 5656781","1368774.9","  14896","62","50","91 Belleau Avenue","292","94027","Atherton","San Mateo","  65","252","  248","12666"," 14"," 61","  58","3418"
"0.3480798","ML81637875"," 0.1634046"," 6656.000"," 4985000","1520.5011"," 6981800","10120456","2430223.7","  45770","57","35","84 Edge Road","293","94027","Atherton","San Mateo","  46","252","  248","12666"," 11"," 61","  58","3418"
"0.2960880","ML81643023"," 0.1551724"," 5700.000"," 3198000","1200.0000"," 4908000"," 6840000","1453200.0","1193544","37","2","19765 Skyline Boulevard","263","94028","Portola Valley","San Mateo","  71","181","  180","12666"," 17"," 50","  50","3418"
"0.2917299","ML81633249","10.1850000"," 1952.500","  549000"," 807.2311"," 1134750"," 1576119"," 331040.5"," 260140","46","98","150 Back Road","556","94020","La Honda","San Mateo","  10"," 23","   24","12666","  1","  3","   3","3418"
"0.2916982","ML81642496"," 0.1110160"," 8562.500"," 5750000","1349.3841"," 8318750","11554101","2426564.2"," 136778","30","7","340 Jane Drive","274","94062","Woodside","San Mateo","  76","859","  246","12666"," 19","223","  54","3418"
"0.2826673","ML81642051"," 0.4498847"," 4723.789"," 2995000","1288.2184"," 4412137"," 6085273","1247166.7","  10500","62","6","1350 Elder Avenue","303","94025","Menlo Park","San Mateo"," 139","969","  974","12666"," 38","249"," 252","3418"
"0.2714109","ML81636375"," 0.4820303"," 3668.000"," 2498000","1341.1677"," 3598400"," 4919403"," 976644.8","   8460","11","49","668 Partridge Avenue","304","94025","Menlo Park","San Mateo","  80","969","  974","12666"," 22","249"," 252","3418"
"0.2673864","ML81642676"," 0.5519087"," 4317.400"," 4000000","1671.4286"," 5295220"," 7216226","1415869.9","   8000","93","6","1127 High Street","241","94301","Palo Alto","Santa Clara","  33","341"," 1098","29134"," 11"," 99"," 320","7981"
"0.2659080","ML81643058"," 0.3567023"," 5175.037"," 2495000","1064.6179"," 4047511"," 5509437","1076265.4","  14508","65","2","18 Lloyden Drive","292","94027","Atherton","San Mateo","  65","252","  248","12666"," 14"," 61","  58","3418"
"0.2649710","ML81642944"," 0.3795008"," 3084.400"," 1299000"," 980.8988"," 2224320"," 3025484"," 589380.3","   9000","60","4","1162 Cordelia Avenue","18","95129","San Jose","Santa Clara","1334","527","16081","29134","335","132","4378","7981"
"0.2589655","ML81642348"," 0.4413731"," 2450.800","  949000"," 996.4413"," 1684240"," 2280000"," 436160.0","   6250","97","7","511 Corbitt Drive","464","94010","Burlingame","San Mateo","  28","981","  602","12666","  2","253"," 153","3418"
"0.2582660","ML81643397"," 0.3913028"," 2974.500"," 2195000","1404.3049"," 3087350"," 4177105"," 797357.7","   8400","59","0","2551 Greer Road","234","94306","Palo Alto","Santa Clara"," 136","435"," 1098","29134"," 48","124"," 320","7981"
"0.2571542","ML81640239"," 0.1551724"," 5700.000"," 3350000","1200.0000"," 5060000"," 6840000","1301200.0","  49223","58","14","1319 Westridge Drive","263","94028","Portola Valley","San Mateo","  71","181","  180","12666"," 17"," 50","  50","3418"
"0.2320299","ML81642215"," 0.1139545"," 5696.800"," 2988000","1092.2740"," 4697040"," 6222466","1089853.7","  55321","45","4","27022 Dezahara Way","221","94022","Los Altos Hills","Santa Clara"," 292","545","  286","29134"," 88","151","  87","7981"
"0.2211941","ML81643020"," 0.1551724"," 5700.000"," 3499000","1200.0000"," 5209000"," 6840000","1152200.0","  48788","31","2","180 Cherokee Way","263","94028","Portola Valley","San Mateo","  71","181","  180","12666"," 17"," 50","  50","3418"
"0.2209597","ML81643049"," 0.1551724"," 5700.000"," 3500000","1200.0000"," 5210000"," 6840000","1151200.0","  73181","57","2","450 Golden Oak Drive","263","94028","Portola Valley","San Mateo","  71","181","  180","12666"," 17"," 50","  50","3418"
"0.2001738","ML81638114"," 0.3795008"," 2390.855"," 1100000"," 980.8988"," 1817256"," 2345187"," 363767.2","   6300","58","14","1017 Miller Avenue","18","95129","San Jose","Santa Clara","1334","527","16081","29134","335","132","4378","7981"
"0.1859677","ML81643048"," 0.4498847"," 4498.847"," 3195000","1288.2184"," 4544654"," 5795498"," 845158.7","  10000","68","2","480 Cotton Street","303","94025","Menlo Park","San Mateo"," 139","969","  974","12666"," 38","249"," 252","3418"
"0.1696107","ML81634054"," 0.2635572"," 4800.000"," 1998000"," 900.7889"," 3438000"," 4323787"," 583121.6"," 435600","31","85","25561 Big Basin","17","95070","Saratoga","Santa Clara"," 944","927","  927","29134","260","258"," 258","7981"
"0.1601893","ML81642364"," 0.3795008"," 3084.400"," 1499888"," 980.8988"," 2425208"," 3025484"," 388492.3","   9200","56","7","1258 S Stelling Road","18","95014","Cupertino","Santa Clara","1334","801","  801","29134","335","202"," 202","7981"
"0.1540370","ML81643383"," 0.1139545"," 5428.908"," 3150000","1092.2740"," 4778672"," 5929855"," 736092.4","  47641","64","0","12516 Robleda Road","221","94022","Los Altos Hills","Santa Clara"," 292","545","  286","29134"," 88","151","  87","7981"
"0.1489660","ML81641444"," 0.3363803"," 2493.700","  685000"," 710.0019"," 1433110"," 1770532"," 213484.6","   8100","76","10","2361 Fruitdale Avenue","15","95128","San Jose","Santa Clara","1590","664","16081","29134","480","176","4378","7981"
"0.1435350","ML81643064"," 0.4498847"," 2474.366"," 1850000","1288.2184"," 2592310"," 3187524"," 372087.3","   5500","71","2","905 Sherman Avenue","303","94025","Menlo Park","San Mateo"," 139","969","  974","12666"," 38","249"," 252","3418"
"0.1378415","ML81639050"," 0.2635572"," 4121.508"," 1798000"," 900.7889"," 3034452"," 3712608"," 418273.4","  15638","62","26","22541 Mount Eden Road","17","95070","Saratoga","Santa Clara"," 944","927","  927","29134","260","258"," 258","7981"
"0.1337869","ML81641214"," 0.1139545"," 5696.800"," 3395000","1092.2740"," 5104040"," 6222466"," 682853.7","  69721","42","7","27408 Deer Springs Way","221","94022","Los Altos Hills","Santa Clara"," 292","545","  286","29134"," 88","151","  87","7981"
"0.1320474","ML81642468"," 0.3762650"," 2371.500"," 1498000","1134.0774"," 2209450"," 2689465"," 291752.1","   7500","83","7","260 Franklin Street","207","94041","Mountain View","Santa Clara"," 106","129","  652","29134"," 32"," 40"," 177","7981"
"0.1303668","ML81642577"," 0.3271162"," 2407.600"," 1998000","1373.3009"," 2720280"," 3306359"," 354634.2","   9000","68","6","156 Monroe Drive","233","94306","Palo Alto","Santa Clara"," 287","435"," 1098","29134"," 82","124"," 320","7981"
"0.1235461","ML81641159"," 0.1110160"," 8562.500"," 6995000","1349.3841"," 9563750","11554101","1181564.2"," 136778","20","7","100 Phillip Road","274","94062","Woodside","San Mateo","  76","859","  246","12666"," 19","223","  54","3418"
"0.1230902","ML81643408"," 0.3795008"," 3084.400"," 1580000"," 980.8988"," 2505320"," 3025484"," 308380.3","  11495","60","0","1155 Happy Valley Avenue","18","95129","San Jose","Santa Clara","1334","527","16081","29134","335","132","4378","7981"
"0.1209419","ML81642848"," 0.2659230","12024.000","11900000","1554.4780","15507200","18691044","1875470.8","  49658","65","5","222 Camino Al Lago","291","94027","Atherton","San Mateo"," 102","252","  248","12666"," 25"," 61","  58","3418"
"0.1150219","ML81641170"," 0.1551724"," 5700.000"," 3995000","1200.0000"," 5705000"," 6840000"," 656200.0","  48643","49","7","155 Willowbrook Drive","263","94028","Portola Valley","San Mateo","  71","181","  180","12666"," 17"," 50","  50","3418"
"0.1146369","ML81583584"," 0.3795008"," 3084.400"," 1599000"," 980.8988"," 2524320"," 3025484"," 289380.3","  73468","66","310","15040 Montebello Road","18","95014","Cupertino","Santa Clara","1334","801","  801","29134","335","202"," 202","7981"
"0.1144359","ML81612044"," 0.1551724"," 5700.000"," 3998000","1200.0000"," 5708000"," 6840000"," 653200.0","  58806","58","196","20 Cordova Court","263","94028","Portola Valley","San Mateo","  71","181","  180","12666"," 17"," 50","  50","3418"
"0.1105200","ML81642079"," 0.4498847"," 4487.600"," 3495000","1288.2184"," 4841280"," 5781009"," 535058.3","   9975","64","5","1360 Elder Avenue","303","94025","Menlo Park","San Mateo"," 139","969","  974","12666"," 38","249"," 252","3418"
"0.1077496","ML81642609"," 0.4019678"," 2743.400"," 2385000","1392.8571"," 3208020"," 3821164"," 345662.8","   8100","70","6","3884 Magnolia Drive","232","94306","Palo Alto","Santa Clara","  83","435"," 1098","29134"," 23","124"," 320","7981"
"0.1006777","ML81640246"," 0.2659230","10656.864","10800000","1554.4780","13997059","16565861","1409191.8","  40075","11","14","65 Selby Lane","291","94027","Atherton","San Mateo"," 102","252","  248","12666"," 25"," 61","  58","3418"
